<?xml version="1.0" encoding="UTF-8"?>
<project-private xmlns="http://www.netbeans.org/ns/project-private/1">
    <editor-bookmarks xmlns="http://www.netbeans.org/ns/editor-bookmarks/2" lastBookmarkId="0"/>
    <open-files xmlns="http://www.netbeans.org/ns/projectui-open-files/2">
        <group>
            <file>file:/C:/Kuliah%20Tel%20U/TP%20PBO/OneLaundry/OneLaundryFinal/src/View/Home.java</file>
            <file>file:/C:/Kuliah%20Tel%20U/TP%20PBO/OneLaundry/OneLaundryFinal/src/Model/ModelPerson.java</file>
            <file>file:/C:/Kuliah%20Tel%20U/TP%20PBO/OneLaundry/OneLaundryFinal/src/View/TambahTransaksi.java</file>
            <file>file:/C:/Kuliah%20Tel%20U/TP%20PBO/OneLaundry/OneLaundryFinal/src/Controller/AdminController.java</file>
            <file>file:/C:/Kuliah%20Tel%20U/TP%20PBO/OneLaundry/OneLaundryFinal/src/Controller/CustomerController.java</file>
            <file>file:/C:/Kuliah%20Tel%20U/TP%20PBO/OneLaundry/OneLaundryFinal/src/View/TambahPelanggan.java</file>
            <file>file:/C:/Kuliah%20Tel%20U/TP%20PBO/OneLaundry/OneLaundryFinal/src/Controller/RegisterController.java</file>
            <file>file:/C:/Kuliah%20Tel%20U/TP%20PBO/OneLaundry/OneLaundryFinal/src/Model/HitungHarga.java</file>
            <file>file:/C:/Kuliah%20Tel%20U/TP%20PBO/OneLaundry/OneLaundryFinal/src/Model/ModelAdmin.java</file>
            <file>file:/C:/Kuliah%20Tel%20U/TP%20PBO/OneLaundry/OneLaundryFinal/src/Controller/TransactionController.java</file>
            <file>file:/C:/Kuliah%20Tel%20U/TP%20PBO/OneLaundry/OneLaundryFinal/src/View/Login.java</file>
            <file>file:/C:/Kuliah%20Tel%20U/TP%20PBO/OneLaundry/OneLaundryFinal/src/Model/ModelTransaksi.java</file>
            <file>file:/C:/Kuliah%20Tel%20U/TP%20PBO/OneLaundry/OneLaundryFinal/src/Model/ModelCustomer.java</file>
        </group>
    </open-files>
</project-private>
